scenario,classical_release,gate_diff_gamma1,quantum_release_g0_5,quantum_dev_pct_g0_5,quantum_release_g0,quantum_dev_pct_g0,weak_arm2_release,weak_arm2_dev_pct,weak_arm2_diff_vs_quantum_g0,arm2_reduced_release_g0,arm2_reduced_diff_vs_quantum_g0,arm2_reduced_release_g0_5,arm2_reduced_diff_vs_quantum_g0_5,mean_neg_g0_5,max_neg_g0_5,mean_neg_g0,max_neg_g0,corr_neg_release_g0,correct_arm2_match,quantum_specific_transport_effect,classification
normal,41.155339620445,1.42108547152e-14,60.44354197085,46.866828285927,79.541637769534,93.271732181307,80.487035804048,95.56887768717,0.945398034514,79.541637769534,2.84217094304e-14,60.44354197085,7.105427357601e-15,0.0,0.0,0.111,0.1733,-0.773,TRUE,FALSE,transported release changes strongly but is exactly reproduced by correct reduced Arm2
stress,0.062765815506,0.0,0.072312168915,15.209478809403,0.081812247634,30.345231675074,0.092901388404,48.012716246547,0.011089140771,0.081812247634,0.0,0.072312168915,0.0,0.125,0.125,0.5,0.5,nan,TRUE,FALSE,transported release changes strongly but is exactly reproduced by correct reduced Arm2
storage_heavy,24.380048215979,3.552713678801e-15,32.10894053649,31.701710562842,38.149691037025,56.479145156165,38.320472489863,57.179641936669,0.170781452838,38.149691037025,0.0,32.10894053649,0.0,0.0,0.0,0.111,0.1733,0.745,TRUE,FALSE,transported release changes strongly but is exactly reproduced by correct reduced Arm2
