mode,mean_output,mean_quality,mean_output_quality,mean_reservoir,mean_membrane,mean_terrain,final_output,final_quality,final_terrain
classical_finite_state,0.255131897731,0.62531199035,0.150475974046,0.293714748557,0.648579290626,0.269608421893,0.398473950992,0.514828659436,0.414490472778
dephased_whole_state,0.255131897731,0.62531199035,0.150475974046,0.293714748557,0.648579290626,0.269608421893,0.398473950992,0.514828659436,0.414490472778
coherent_whole_state,0.49419367626,0.484017239945,0.239350337767,0.478654929583,0.491800180098,0.48082992995,0.472929174157,0.470247080137,0.50834487427
